"module name","license","repository"
"@apidevtools/json-schema-ref-parser@11.9.3","MIT","https://github.com/APIDevTools/json-schema-ref-parser"
"@aws-crypto/crc32@5.2.0","Apache-2.0","https://github.com/aws/aws-sdk-js-crypto-helpers"
"@aws-crypto/crc32c@5.2.0","Apache-2.0","https://github.com/aws/aws-sdk-js-crypto-helpers"
"@aws-crypto/sha1-browser@5.2.0","Apache-2.0","https://github.com/aws/aws-sdk-js-crypto-helpers"
"@aws-crypto/sha256-browser@5.2.0","Apache-2.0","https://github.com/aws/aws-sdk-js-crypto-helpers"
"@aws-crypto/sha256-js@1.2.2","Apache-2.0","https://github.com/aws/aws-sdk-js-crypto-helpers"
"@aws-crypto/sha256-js@5.2.0","Apache-2.0","https://github.com/aws/aws-sdk-js-crypto-helpers"
"@aws-crypto/supports-web-crypto@5.2.0","Apache-2.0","https://github.com/aws/aws-sdk-js-crypto-helpers"
"@aws-crypto/util@1.2.2","Apache-2.0","https://github.com/aws/aws-sdk-js-crypto-helpers"
"@aws-crypto/util@5.2.0","Apache-2.0","https://github.com/aws/aws-sdk-js-crypto-helpers"
"@aws-sdk/client-cognito-identity@3.758.0","Apache-2.0","https://github.com/aws/aws-sdk-js-v3"
"@aws-sdk/client-s3@3.758.0","Apache-2.0","https://github.com/aws/aws-sdk-js-v3"
"@aws-sdk/client-sso@3.758.0","Apache-2.0","https://github.com/aws/aws-sdk-js-v3"
"@aws-sdk/core@3.758.0","Apache-2.0","https://github.com/aws/aws-sdk-js-v3"
"@aws-sdk/credential-provider-cognito-identity@3.758.0","Apache-2.0","https://github.com/aws/aws-sdk-js-v3"
"@aws-sdk/credential-provider-env@3.758.0","Apache-2.0","https://github.com/aws/aws-sdk-js-v3"
"@aws-sdk/credential-provider-http@3.758.0","Apache-2.0","https://github.com/aws/aws-sdk-js-v3"
"@aws-sdk/credential-provider-ini@3.758.0","Apache-2.0","https://github.com/aws/aws-sdk-js-v3"
"@aws-sdk/credential-provider-node@3.758.0","Apache-2.0","https://github.com/aws/aws-sdk-js-v3"
"@aws-sdk/credential-provider-process@3.758.0","Apache-2.0","https://github.com/aws/aws-sdk-js-v3"
"@aws-sdk/credential-provider-sso@3.758.0","Apache-2.0","https://github.com/aws/aws-sdk-js-v3"
"@aws-sdk/credential-provider-web-identity@3.758.0","Apache-2.0","https://github.com/aws/aws-sdk-js-v3"
"@aws-sdk/credential-providers@3.758.0","Apache-2.0","https://github.com/aws/aws-sdk-js-v3"
"@aws-sdk/lib-storage@3.758.0","Apache-2.0","https://github.com/aws/aws-sdk-js-v3"
"@aws-sdk/middleware-bucket-endpoint@3.734.0","Apache-2.0","https://github.com/aws/aws-sdk-js-v3"
"@aws-sdk/middleware-expect-continue@3.734.0","Apache-2.0","https://github.com/aws/aws-sdk-js-v3"
"@aws-sdk/middleware-flexible-checksums@3.758.0","Apache-2.0","https://github.com/aws/aws-sdk-js-v3"
"@aws-sdk/middleware-host-header@3.734.0","Apache-2.0","https://github.com/aws/aws-sdk-js-v3"
"@aws-sdk/middleware-location-constraint@3.734.0","Apache-2.0","https://github.com/aws/aws-sdk-js-v3"
"@aws-sdk/middleware-logger@3.734.0","Apache-2.0","https://github.com/aws/aws-sdk-js-v3"
"@aws-sdk/middleware-recursion-detection@3.734.0","Apache-2.0","https://github.com/aws/aws-sdk-js-v3"
"@aws-sdk/middleware-sdk-s3@3.758.0","Apache-2.0","https://github.com/aws/aws-sdk-js-v3"
"@aws-sdk/middleware-ssec@3.734.0","Apache-2.0","https://github.com/aws/aws-sdk-js-v3"
"@aws-sdk/middleware-user-agent@3.758.0","Apache-2.0","https://github.com/aws/aws-sdk-js-v3"
"@aws-sdk/nested-clients@3.758.0","Apache-2.0","https://github.com/aws/aws-sdk-js-v3"
"@aws-sdk/region-config-resolver@3.734.0","Apache-2.0","https://github.com/aws/aws-sdk-js-v3"
"@aws-sdk/signature-v4-multi-region@3.758.0","Apache-2.0","https://github.com/aws/aws-sdk-js-v3"
"@aws-sdk/token-providers@3.758.0","Apache-2.0","https://github.com/aws/aws-sdk-js-v3"
"@aws-sdk/types@3.734.0","Apache-2.0","https://github.com/aws/aws-sdk-js-v3"
"@aws-sdk/util-arn-parser@3.723.0","Apache-2.0","https://github.com/aws/aws-sdk-js-v3"
"@aws-sdk/util-endpoints@3.743.0","Apache-2.0","https://github.com/aws/aws-sdk-js-v3"
"@aws-sdk/util-locate-window@3.723.0","Apache-2.0","https://github.com/aws/aws-sdk-js-v3"
"@aws-sdk/util-user-agent-browser@3.734.0","Apache-2.0","https://github.com/aws/aws-sdk-js-v3"
"@aws-sdk/util-user-agent-node@3.758.0","Apache-2.0","https://github.com/aws/aws-sdk-js-v3"
"@aws-sdk/util-utf8-browser@3.259.0","Apache-2.0","https://github.com/aws/aws-sdk-js-v3"
"@aws-sdk/xml-builder@3.734.0","Apache-2.0","https://github.com/aws/aws-sdk-js-v3"
"@babel/code-frame@7.26.2","MIT","https://github.com/babel/babel"
"@babel/generator@7.26.9","MIT","https://github.com/babel/babel"
"@babel/helper-module-imports@7.25.9","MIT","https://github.com/babel/babel"
"@babel/helper-string-parser@7.25.9","MIT","https://github.com/babel/babel"
"@babel/helper-validator-identifier@7.25.9","MIT","https://github.com/babel/babel"
"@babel/parser@7.26.9","MIT","https://github.com/babel/babel"
"@babel/runtime@7.26.9","MIT","https://github.com/babel/babel"
"@babel/template@7.26.9","MIT","https://github.com/babel/babel"
"@babel/traverse@7.26.9","MIT","https://github.com/babel/babel"
"@babel/types@7.26.9","MIT","https://github.com/babel/babel"
"@date-fns/tz@1.2.0","MIT","https://github.com/date-fns/tz"
"@dnd-kit/accessibility@3.1.1","MIT","https://github.com/clauderic/dnd-kit"
"@dnd-kit/core@6.0.8","MIT","https://github.com/clauderic/dnd-kit"
"@dnd-kit/sortable@7.0.2","MIT","https://github.com/clauderic/dnd-kit"
"@dnd-kit/utilities@3.2.2","MIT","https://github.com/clauderic/dnd-kit"
"@drizzle-team/brocli@0.10.2","Apache-2.0","https://github.com/drizzle-team/brocli"
"@emotion/babel-plugin@11.13.5","MIT","https://github.com/emotion-js/emotion/tree/main/packages/babel-plugin"
"@emotion/cache@11.14.0","MIT","https://github.com/emotion-js/emotion/tree/main/packages/cache"
"@emotion/css@11.13.5","MIT","https://github.com/emotion-js/emotion/tree/main/packages/css"
"@emotion/hash@0.9.2","MIT","https://github.com/emotion-js/emotion/tree/main/packages/hash"
"@emotion/memoize@0.9.0","MIT","https://github.com/emotion-js/emotion/tree/main/packages/memoize"
"@emotion/react@11.14.0","MIT","https://github.com/emotion-js/emotion/tree/main/packages/react"
"@emotion/serialize@1.3.3","MIT","https://github.com/emotion-js/emotion/tree/main/packages/serialize"
"@emotion/sheet@1.4.0","MIT","https://github.com/emotion-js/emotion/tree/main/packages/sheet"
"@emotion/unitless@0.10.0","MIT","https://github.com/emotion-js/emotion/tree/main/packages/unitless"
"@emotion/use-insertion-effect-with-fallbacks@1.2.0","MIT","https://github.com/emotion-js/emotion/tree/main/packages/use-insertion-effect-with-fallbacks"
"@emotion/utils@1.4.2","MIT","https://github.com/emotion-js/emotion/tree/main/packages/utils"
"@emotion/weak-memoize@0.4.0","MIT","https://github.com/emotion-js/emotion/tree/main/packages/weak-memoize"
"@esbuild-kit/core-utils@3.3.2","MIT","https://github.com/esbuild-kit/core-utils"
"@esbuild-kit/esm-loader@2.6.5","MIT","https://github.com/esbuild-kit/esm-loader"
"@esbuild/darwin-arm64@0.18.20","MIT","https://github.com/evanw/esbuild"
"@esbuild/darwin-arm64@0.19.12","MIT","https://github.com/evanw/esbuild"
"@esbuild/darwin-arm64@0.23.1","MIT","https://github.com/evanw/esbuild"
"@eslint-community/eslint-utils@4.4.1","MIT","https://github.com/eslint-community/eslint-utils"
"@eslint-community/regexpp@4.12.1","MIT","https://github.com/eslint-community/regexpp"
"@eslint/config-array@0.19.2","Apache-2.0","https://github.com/eslint/rewrite"
"@eslint/core@0.12.0","Apache-2.0","https://github.com/eslint/rewrite"
"@eslint/eslintrc@3.3.0","MIT","https://github.com/eslint/eslintrc"
"@eslint/js@9.21.0","MIT","https://github.com/eslint/eslint"
"@eslint/object-schema@2.1.6","Apache-2.0","https://github.com/eslint/rewrite"
"@eslint/plugin-kit@0.2.7","Apache-2.0","https://github.com/eslint/rewrite"
"@faceless-ui/modal@3.0.0-beta.2","MIT","https://github.com/faceless-ui/modal"
"@faceless-ui/scroll-info@2.0.0","MIT","https://github.com/faceless-ui/scroll-info"
"@faceless-ui/window-info@3.0.1","MIT","https://github.com/faceless-ui/window-info"
"@floating-ui/core@1.6.9","MIT","https://github.com/floating-ui/floating-ui"
"@floating-ui/dom@1.6.13","MIT","https://github.com/floating-ui/floating-ui"
"@floating-ui/react-dom@2.1.2","MIT","https://github.com/floating-ui/floating-ui"
"@floating-ui/react@0.27.5","MIT","https://github.com/floating-ui/floating-ui"
"@floating-ui/utils@0.2.9","MIT","https://github.com/floating-ui/floating-ui"
"@humanfs/core@0.19.1","Apache-2.0","https://github.com/humanwhocodes/humanfs"
"@humanfs/node@0.16.6","Apache-2.0","https://github.com/humanwhocodes/humanfs"
"@humanwhocodes/module-importer@1.0.1","Apache-2.0","https://github.com/humanwhocodes/module-importer"
"@humanwhocodes/retry@0.3.1","Apache-2.0","https://github.com/humanwhocodes/retry"
"@humanwhocodes/retry@0.4.2","Apache-2.0","https://github.com/humanwhocodes/retry"
"@img/sharp-darwin-arm64@0.33.5","Apache-2.0","https://github.com/lovell/sharp"
"@img/sharp-libvips-darwin-arm64@1.0.4","LGPL-3.0-or-later","https://github.com/lovell/sharp-libvips"
"@jridgewell/gen-mapping@0.3.8","MIT","https://github.com/jridgewell/gen-mapping"
"@jridgewell/resolve-uri@3.1.2","MIT","https://github.com/jridgewell/resolve-uri"
"@jridgewell/set-array@1.2.1","MIT","https://github.com/jridgewell/set-array"
"@jridgewell/sourcemap-codec@1.5.0","MIT","https://github.com/jridgewell/sourcemap-codec"
"@jridgewell/trace-mapping@0.3.25","MIT","https://github.com/jridgewell/trace-mapping"
"@jsdevtools/ono@7.1.3","MIT","https://github.com/JS-DevTools/ono"
"@lexical/clipboard@0.21.0","MIT","https://github.com/facebook/lexical"
"@lexical/code@0.21.0","MIT","https://github.com/facebook/lexical"
"@lexical/devtools-core@0.21.0","MIT","https://github.com/facebook/lexical"
"@lexical/dragon@0.21.0","MIT","https://github.com/facebook/lexical"
"@lexical/hashtag@0.21.0","MIT","https://github.com/facebook/lexical"
"@lexical/headless@0.21.0","MIT","https://github.com/facebook/lexical"
"@lexical/history@0.21.0","MIT","https://github.com/facebook/lexical"
"@lexical/html@0.21.0","MIT","https://github.com/facebook/lexical"
"@lexical/link@0.21.0","MIT","https://github.com/facebook/lexical"
"@lexical/list@0.21.0","MIT","https://github.com/facebook/lexical"
"@lexical/mark@0.21.0","MIT","https://github.com/facebook/lexical"
"@lexical/markdown@0.21.0","MIT","https://github.com/facebook/lexical"
"@lexical/offset@0.21.0","MIT","https://github.com/facebook/lexical"
"@lexical/overflow@0.21.0","MIT","https://github.com/facebook/lexical"
"@lexical/plain-text@0.21.0","MIT","https://github.com/facebook/lexical"
"@lexical/react@0.21.0","MIT","https://github.com/facebook/lexical"
"@lexical/rich-text@0.21.0","MIT","https://github.com/facebook/lexical"
"@lexical/selection@0.21.0","MIT","https://github.com/facebook/lexical"
"@lexical/table@0.21.0","MIT","https://github.com/facebook/lexical"
"@lexical/text@0.21.0","MIT","https://github.com/facebook/lexical"
"@lexical/utils@0.21.0","MIT","https://github.com/facebook/lexical"
"@lexical/yjs@0.21.0","MIT","https://github.com/facebook/lexical"
"@monaco-editor/loader@1.5.0","MIT","https://github.com/suren-atoyan/monaco-loader"
"@monaco-editor/react@4.7.0","MIT","https://github.com/suren-atoyan/monaco-react"
"@next/env@15.1.5","MIT","https://github.com/vercel/next.js"
"@next/eslint-plugin-next@15.1.5","MIT","https://github.com/vercel/next.js"
"@next/swc-darwin-arm64@15.1.5","MIT","https://github.com/vercel/next.js"
"@nodelib/fs.scandir@2.1.5","MIT","https://github.com/nodelib/nodelib/tree/master/packages/fs/fs.scandir"
"@nodelib/fs.stat@2.0.5","MIT","https://github.com/nodelib/nodelib/tree/master/packages/fs/fs.stat"
"@nodelib/fs.walk@1.2.8","MIT","https://github.com/nodelib/nodelib/tree/master/packages/fs/fs.walk"
"@nolyfill/is-core-module@1.0.39","MIT","https://github.com/SukkaW/nolyfill"
"@payloadcms/db-postgres@3.25.0","MIT","https://github.com/payloadcms/payload"
"@payloadcms/drizzle@3.25.0","MIT","https://github.com/payloadcms/payload"
"@payloadcms/email-nodemailer@3.25.0","MIT","https://github.com/payloadcms/payload"
"@payloadcms/graphql@3.25.0","MIT","https://github.com/payloadcms/payload"
"@payloadcms/next@3.25.0","MIT","https://github.com/payloadcms/payload"
"@payloadcms/payload-cloud@3.25.0","MIT","https://github.com/payloadcms/payload"
"@payloadcms/richtext-lexical@3.25.0","MIT","https://github.com/payloadcms/payload"
"@payloadcms/translations@3.25.0","MIT","https://github.com/payloadcms/payload"
"@payloadcms/ui@3.25.0","MIT","https://github.com/payloadcms/payload"
"@rtsao/scc@1.1.0","MIT","https://github.com/rtsao/scc"
"@rushstack/eslint-patch@1.10.5","MIT","https://github.com/microsoft/rushstack"
"@smithy/abort-controller@4.0.1","Apache-2.0","https://github.com/awslabs/smithy-typescript"
"@smithy/chunked-blob-reader-native@4.0.0","Apache-2.0","https://github.com/awslabs/smithy-typescript"
"@smithy/chunked-blob-reader@5.0.0","Apache-2.0","https://github.com/awslabs/smithy-typescript"
"@smithy/config-resolver@4.0.1","Apache-2.0","https://github.com/awslabs/smithy-typescript"
"@smithy/core@3.1.5","Apache-2.0","https://github.com/awslabs/smithy-typescript"
"@smithy/credential-provider-imds@4.0.1","Apache-2.0","https://github.com/awslabs/smithy-typescript"
"@smithy/eventstream-codec@4.0.1","Apache-2.0","https://github.com/awslabs/smithy-typescript"
"@smithy/eventstream-serde-browser@4.0.1","Apache-2.0","https://github.com/awslabs/smithy-typescript"
"@smithy/eventstream-serde-config-resolver@4.0.1","Apache-2.0","https://github.com/awslabs/smithy-typescript"
"@smithy/eventstream-serde-node@4.0.1","Apache-2.0","https://github.com/awslabs/smithy-typescript"
"@smithy/eventstream-serde-universal@4.0.1","Apache-2.0","https://github.com/awslabs/smithy-typescript"
"@smithy/fetch-http-handler@5.0.1","Apache-2.0","https://github.com/awslabs/smithy-typescript"
"@smithy/hash-blob-browser@4.0.1","Apache-2.0","https://github.com/awslabs/smithy-typescript"
"@smithy/hash-node@4.0.1","Apache-2.0","https://github.com/awslabs/smithy-typescript"
"@smithy/hash-stream-node@4.0.1","Apache-2.0","https://github.com/awslabs/smithy-typescript"
"@smithy/invalid-dependency@4.0.1","Apache-2.0","https://github.com/awslabs/smithy-typescript"
"@smithy/is-array-buffer@2.2.0","Apache-2.0","https://github.com/awslabs/smithy-typescript"
"@smithy/is-array-buffer@4.0.0","Apache-2.0","https://github.com/awslabs/smithy-typescript"
"@smithy/md5-js@4.0.1","Apache-2.0","https://github.com/awslabs/smithy-typescript"
"@smithy/middleware-content-length@4.0.1","Apache-2.0","https://github.com/awslabs/smithy-typescript"
"@smithy/middleware-endpoint@4.0.6","Apache-2.0","https://github.com/awslabs/smithy-typescript"
"@smithy/middleware-retry@4.0.7","Apache-2.0","https://github.com/awslabs/smithy-typescript"
"@smithy/middleware-serde@4.0.2","Apache-2.0","https://github.com/awslabs/smithy-typescript"
"@smithy/middleware-stack@4.0.1","Apache-2.0","https://github.com/awslabs/smithy-typescript"
"@smithy/node-config-provider@4.0.1","Apache-2.0","https://github.com/awslabs/smithy-typescript"
"@smithy/node-http-handler@4.0.3","Apache-2.0","https://github.com/awslabs/smithy-typescript"
"@smithy/property-provider@4.0.1","Apache-2.0","https://github.com/awslabs/smithy-typescript"
"@smithy/protocol-http@5.0.1","Apache-2.0","https://github.com/awslabs/smithy-typescript"
"@smithy/querystring-builder@4.0.1","Apache-2.0","https://github.com/awslabs/smithy-typescript"
"@smithy/querystring-parser@4.0.1","Apache-2.0","https://github.com/awslabs/smithy-typescript"
"@smithy/service-error-classification@4.0.1","Apache-2.0","https://github.com/awslabs/smithy-typescript"
"@smithy/shared-ini-file-loader@4.0.1","Apache-2.0","https://github.com/awslabs/smithy-typescript"
"@smithy/signature-v4@5.0.1","Apache-2.0","https://github.com/awslabs/smithy-typescript"
"@smithy/smithy-client@4.1.6","Apache-2.0","https://github.com/awslabs/smithy-typescript"
"@smithy/types@4.1.0","Apache-2.0","https://github.com/awslabs/smithy-typescript"
"@smithy/url-parser@4.0.1","Apache-2.0","https://github.com/awslabs/smithy-typescript"
"@smithy/util-base64@4.0.0","Apache-2.0","https://github.com/awslabs/smithy-typescript"
"@smithy/util-body-length-browser@4.0.0","Apache-2.0","https://github.com/awslabs/smithy-typescript"
"@smithy/util-body-length-node@4.0.0","Apache-2.0","https://github.com/awslabs/smithy-typescript"
"@smithy/util-buffer-from@2.2.0","Apache-2.0","https://github.com/awslabs/smithy-typescript"
"@smithy/util-buffer-from@4.0.0","Apache-2.0","https://github.com/awslabs/smithy-typescript"
"@smithy/util-config-provider@4.0.0","Apache-2.0","https://github.com/awslabs/smithy-typescript"
"@smithy/util-defaults-mode-browser@4.0.7","Apache-2.0","https://github.com/awslabs/smithy-typescript"
"@smithy/util-defaults-mode-node@4.0.7","Apache-2.0","https://github.com/awslabs/smithy-typescript"
"@smithy/util-endpoints@3.0.1","Apache-2.0","https://github.com/awslabs/smithy-typescript"
"@smithy/util-hex-encoding@4.0.0","Apache-2.0","https://github.com/awslabs/smithy-typescript"
"@smithy/util-middleware@4.0.1","Apache-2.0","https://github.com/awslabs/smithy-typescript"
"@smithy/util-retry@4.0.1","Apache-2.0","https://github.com/awslabs/smithy-typescript"
"@smithy/util-stream@4.1.2","Apache-2.0","https://github.com/awslabs/smithy-typescript"
"@smithy/util-uri-escape@4.0.0","Apache-2.0","https://github.com/awslabs/smithy-typescript"
"@smithy/util-utf8@2.3.0","Apache-2.0","https://github.com/awslabs/smithy-typescript"
"@smithy/util-utf8@4.0.0","Apache-2.0","https://github.com/awslabs/smithy-typescript"
"@smithy/util-waiter@4.0.2","Apache-2.0","https://github.com/awslabs/smithy-typescript"
"@swc/counter@0.1.3","Apache-2.0","https://github.com/swc-project/pkgs"
"@swc/helpers@0.5.15","Apache-2.0","https://github.com/swc-project/swc"
"@tokenizer/token@0.3.0","MIT","https://github.com/Borewit/tokenizer-token"
"@types/acorn@4.0.6","MIT","https://github.com/DefinitelyTyped/DefinitelyTyped"
"@types/busboy@1.5.4","MIT","https://github.com/DefinitelyTyped/DefinitelyTyped"
"@types/debug@4.1.12","MIT","https://github.com/DefinitelyTyped/DefinitelyTyped"
"@types/estree-jsx@1.0.5","MIT","https://github.com/DefinitelyTyped/DefinitelyTyped"
"@types/estree@1.0.6","MIT","https://github.com/DefinitelyTyped/DefinitelyTyped"
"@types/hast@3.0.4","MIT","https://github.com/DefinitelyTyped/DefinitelyTyped"
"@types/json-schema@7.0.15","MIT","https://github.com/DefinitelyTyped/DefinitelyTyped"
"@types/json5@0.0.29","MIT","https://github.com/DefinitelyTyped/DefinitelyTyped"
"@types/lodash@4.17.16","MIT","https://github.com/DefinitelyTyped/DefinitelyTyped"
"@types/mdast@4.0.4","MIT","https://github.com/DefinitelyTyped/DefinitelyTyped"
"@types/ms@2.1.0","MIT","https://github.com/DefinitelyTyped/DefinitelyTyped"
"@types/node@22.13.8","MIT","https://github.com/DefinitelyTyped/DefinitelyTyped"
"@types/nodemailer@6.4.17","MIT","https://github.com/DefinitelyTyped/DefinitelyTyped"
"@types/parse-json@4.0.2","MIT","https://github.com/DefinitelyTyped/DefinitelyTyped"
"@types/pg@8.10.2","MIT","https://github.com/DefinitelyTyped/DefinitelyTyped"
"@types/react-dom@19.0.3","MIT","https://github.com/DefinitelyTyped/DefinitelyTyped"
"@types/react-transition-group@4.4.12","MIT","https://github.com/DefinitelyTyped/DefinitelyTyped"
"@types/react@19.0.7","MIT","https://github.com/DefinitelyTyped/DefinitelyTyped"
"@types/unist@2.0.11","MIT","https://github.com/DefinitelyTyped/DefinitelyTyped"
"@types/unist@3.0.3","MIT","https://github.com/DefinitelyTyped/DefinitelyTyped"
"@types/uuid@10.0.0","MIT","https://github.com/DefinitelyTyped/DefinitelyTyped"
"@typescript-eslint/eslint-plugin@8.25.0","MIT","https://github.com/typescript-eslint/typescript-eslint"
"@typescript-eslint/parser@8.25.0","MIT","https://github.com/typescript-eslint/typescript-eslint"
"@typescript-eslint/scope-manager@8.25.0","MIT","https://github.com/typescript-eslint/typescript-eslint"
"@typescript-eslint/type-utils@8.25.0","MIT","https://github.com/typescript-eslint/typescript-eslint"
"@typescript-eslint/types@8.25.0","MIT","https://github.com/typescript-eslint/typescript-eslint"
"@typescript-eslint/typescript-estree@8.25.0","MIT","https://github.com/typescript-eslint/typescript-eslint"
"@typescript-eslint/utils@8.25.0","MIT","https://github.com/typescript-eslint/typescript-eslint"
"@typescript-eslint/visitor-keys@8.25.0","MIT","https://github.com/typescript-eslint/typescript-eslint"
"acorn-jsx@5.3.2","MIT","https://github.com/acornjs/acorn-jsx"
"acorn@8.12.1","MIT","https://github.com/acornjs/acorn"
"acorn@8.14.0","MIT","https://github.com/acornjs/acorn"
"ajv@6.12.6","MIT","https://github.com/ajv-validator/ajv"
"ajv@8.17.1","MIT","https://github.com/ajv-validator/ajv"
"amazon-cognito-identity-js@6.3.12","Apache-2.0","https://github.com/aws-amplify/amplify-js"
"ansi-styles@4.3.0","MIT","https://github.com/chalk/ansi-styles"
"anymatch@3.1.3","ISC","https://github.com/micromatch/anymatch"
"app@1.0.0","MIT",""
"argparse@2.0.1","Python-2.0","https://github.com/nodeca/argparse"
"aria-query@5.3.2","Apache-2.0","https://github.com/A11yance/aria-query"
"array-buffer-byte-length@1.0.2","MIT","https://github.com/inspect-js/array-buffer-byte-length"
"array-includes@3.1.8","MIT","https://github.com/es-shims/array-includes"
"array.prototype.findlast@1.2.5","MIT","https://github.com/es-shims/Array.prototype.findLast"
"array.prototype.findlastindex@1.2.5","MIT","https://github.com/es-shims/Array.prototype.findLastIndex"
"array.prototype.flat@1.3.3","MIT","https://github.com/es-shims/Array.prototype.flat"
"array.prototype.flatmap@1.3.3","MIT","https://github.com/es-shims/Array.prototype.flatMap"
"array.prototype.tosorted@1.1.4","MIT","https://github.com/es-shims/Array.prototype.toSorted"
"arraybuffer.prototype.slice@1.0.4","MIT","https://github.com/es-shims/ArrayBuffer.prototype.slice"
"ast-types-flow@0.0.8","MIT","https://github.com/kyldvs/ast-types-flow"
"async-function@1.0.0","MIT","https://github.com/ljharb/async-function"
"atomic-sleep@1.0.0","MIT","https://github.com/davidmarkclements/atomic-sleep"
"available-typed-arrays@1.0.7","MIT","https://github.com/inspect-js/available-typed-arrays"
"axe-core@4.10.2","MPL-2.0","https://github.com/dequelabs/axe-core"
"axobject-query@4.1.0","Apache-2.0","https://github.com/A11yance/axobject-query"
"b4a@1.6.7","Apache-2.0","https://github.com/holepunchto/b4a"
"babel-plugin-macros@3.1.0","MIT","https://github.com/kentcdodds/babel-plugin-macros"
"balanced-match@1.0.2","MIT","https://github.com/juliangruber/balanced-match"
"bare-events@2.5.4","Apache-2.0","https://github.com/holepunchto/bare-events"
"bare-fs@4.0.1","Apache-2.0","https://github.com/holepunchto/bare-fs"
"bare-os@3.5.1","Apache-2.0","https://github.com/holepunchto/bare-os"
"bare-path@3.0.0","Apache-2.0","https://github.com/holepunchto/bare-path"
"bare-stream@2.6.5","Apache-2.0","https://github.com/holepunchto/bare-stream"
"base64-js@1.5.1","MIT","https://github.com/beatgammit/base64-js"
"binary-extensions@2.3.0","MIT","https://github.com/sindresorhus/binary-extensions"
"bl@4.1.0","MIT","https://github.com/rvagg/bl"
"body-scroll-lock@4.0.0-beta.0","MIT","https://github.com/willmcpo/body-scroll-lock"
"bowser@2.11.0","MIT","https://github.com/lancedikson/bowser"
"brace-expansion@1.1.11","MIT","https://github.com/juliangruber/brace-expansion"
"brace-expansion@2.0.1","MIT","https://github.com/juliangruber/brace-expansion"
"braces@3.0.3","MIT","https://github.com/micromatch/braces"
"bson-objectid@2.0.4","Apache-2.0","https://github.com/williamkapke/bson-objectid"
"buffer-from@1.1.2","MIT","https://github.com/LinusU/buffer-from"
"buffer-writer@2.0.0","MIT","https://github.com/brianc/node-buffer-writer"
"buffer@4.9.2","MIT","https://github.com/feross/buffer"
"buffer@5.6.0","MIT","https://github.com/feross/buffer"
"busboy@1.6.0","MIT","https://github.com/mscdex/busboy"
"call-bind-apply-helpers@1.0.2","MIT","https://github.com/ljharb/call-bind-apply-helpers"
"call-bind@1.0.8","MIT","https://github.com/ljharb/call-bind"
"call-bound@1.0.3","MIT","https://github.com/ljharb/call-bound"
"callsites@3.1.0","MIT","https://github.com/sindresorhus/callsites"
"caniuse-lite@1.0.30001701","CC-BY-4.0","https://github.com/browserslist/caniuse-lite"
"ccount@2.0.1","MIT","https://github.com/wooorm/ccount"
"chalk@4.1.2","MIT","https://github.com/chalk/chalk"
"character-entities-html4@2.1.0","MIT","https://github.com/wooorm/character-entities-html4"
"character-entities-legacy@3.0.0","MIT","https://github.com/wooorm/character-entities-legacy"
"character-entities@2.0.2","MIT","https://github.com/wooorm/character-entities"
"character-reference-invalid@2.0.1","MIT","https://github.com/wooorm/character-reference-invalid"
"charenc@0.0.2","BSD-3-Clause","https://github.com/pvorb/node-charenc"
"chokidar@3.6.0","MIT","https://github.com/paulmillr/chokidar"
"chownr@1.1.4","ISC","https://github.com/isaacs/chownr"
"ci-info@4.1.0","MIT","https://github.com/watson/ci-info"
"classnames@2.5.1","MIT","https://github.com/JedWatson/classnames"
"client-only@0.0.1","MIT",""
"clsx@2.1.1","MIT","https://github.com/lukeed/clsx"
"color-convert@2.0.1","MIT","https://github.com/Qix-/color-convert"
"color-name@1.1.4","MIT","https://github.com/colorjs/color-name"
"color-string@1.9.1","MIT","https://github.com/Qix-/color-string"
"color@4.2.3","MIT","https://github.com/Qix-/color"
"colorette@2.0.20","MIT","https://github.com/jorgebucaran/colorette"
"commander@2.20.3","MIT","https://github.com/tj/commander.js"
"concat-map@0.0.1","MIT","https://github.com/substack/node-concat-map"
"console-table-printer@2.12.1","MIT","https://github.com/ayonious/console-table-printer"
"convert-source-map@1.9.0","MIT","https://github.com/thlorenz/convert-source-map"
"cosmiconfig@7.1.0","MIT","https://github.com/davidtheclark/cosmiconfig"
"croner@9.0.0","MIT","https://github.com/hexagon/croner"
"cross-env@7.0.3","MIT","https://github.com/kentcdodds/cross-env"
"cross-spawn@7.0.6","MIT","https://github.com/moxystudio/node-cross-spawn"
"crypt@0.0.2","BSD-3-Clause","https://github.com/pvorb/node-crypt"
"cssfilter@0.0.10","MIT","https://github.com/leizongmin/js-css-filter"
"csstype@3.1.3","MIT","https://github.com/frenic/csstype"
"damerau-levenshtein@1.0.8","BSD-2-Clause","https://github.com/tad-lispy/node-damerau-levenshtein"
"data-view-buffer@1.0.2","MIT","https://github.com/inspect-js/data-view-buffer"
"data-view-byte-length@1.0.2","MIT","https://github.com/inspect-js/data-view-byte-length"
"data-view-byte-offset@1.0.1","MIT","https://github.com/inspect-js/data-view-byte-offset"
"dataloader@2.2.3","MIT","https://github.com/graphql/dataloader"
"date-fns@3.6.0","MIT","https://github.com/date-fns/date-fns"
"date-fns@4.1.0","MIT","https://github.com/date-fns/date-fns"
"dateformat@4.6.3","MIT","https://github.com/felixge/node-dateformat"
"debug@3.2.7","MIT","https://github.com/visionmedia/debug"
"debug@4.4.0","MIT","https://github.com/debug-js/debug"
"decode-named-character-reference@1.0.2","MIT","https://github.com/wooorm/decode-named-character-reference"
"decompress-response@6.0.0","MIT","https://github.com/sindresorhus/decompress-response"
"deep-extend@0.6.0","MIT","https://github.com/unclechu/node-deep-extend"
"deep-is@0.1.4","MIT","https://github.com/thlorenz/deep-is"
"deepmerge@4.3.1","MIT","https://github.com/TehShrike/deepmerge"
"define-data-property@1.1.4","MIT","https://github.com/ljharb/define-data-property"
"define-properties@1.2.1","MIT","https://github.com/ljharb/define-properties"
"dequal@2.0.3","MIT","https://github.com/lukeed/dequal"
"detect-libc@2.0.3","Apache-2.0","https://github.com/lovell/detect-libc"
"devlop@1.1.0","MIT","https://github.com/wooorm/devlop"
"diff@5.2.0","BSD-3-Clause","https://github.com/kpdecker/jsdiff"
"doctrine@2.1.0","Apache-2.0","https://github.com/eslint/doctrine"
"dom-helpers@5.2.1","MIT","https://github.com/react-bootstrap/dom-helpers"
"dotenv@16.4.7","BSD-2-Clause","https://github.com/motdotla/dotenv"
"drizzle-kit@0.28.0","MIT","https://github.com/drizzle-team/drizzle-orm"
"drizzle-orm@0.36.1","Apache-2.0","https://github.com/drizzle-team/drizzle-orm"
"dunder-proto@1.0.1","MIT","https://github.com/es-shims/dunder-proto"
"emoji-regex@9.2.2","MIT","https://github.com/mathiasbynens/emoji-regex"
"end-of-stream@1.4.4","MIT","https://github.com/mafintosh/end-of-stream"
"enhanced-resolve@5.18.1","MIT","https://github.com/webpack/enhanced-resolve"
"error-ex@1.3.2","MIT","https://github.com/qix-/node-error-ex"
"es-abstract@1.23.9","MIT","https://github.com/ljharb/es-abstract"
"es-define-property@1.0.1","MIT","https://github.com/ljharb/es-define-property"
"es-errors@1.3.0","MIT","https://github.com/ljharb/es-errors"
"es-iterator-helpers@1.2.1","MIT","https://github.com/es-shims/iterator-helpers"
"es-object-atoms@1.1.1","MIT","https://github.com/ljharb/es-object-atoms"
"es-set-tostringtag@2.1.0","MIT","https://github.com/es-shims/es-set-tostringtag"
"es-shim-unscopables@1.1.0","MIT","https://github.com/ljharb/es-shim-unscopables"
"es-to-primitive@1.3.0","MIT","https://github.com/ljharb/es-to-primitive"
"esbuild-register@3.6.0","MIT",""
"esbuild@0.18.20","MIT","https://github.com/evanw/esbuild"
"esbuild@0.19.12","MIT","https://github.com/evanw/esbuild"
"esbuild@0.23.1","MIT","https://github.com/evanw/esbuild"
"escape-html@1.0.3","MIT","https://github.com/component/escape-html"
"escape-string-regexp@4.0.0","MIT","https://github.com/sindresorhus/escape-string-regexp"
"eslint-config-next@15.1.5","MIT","https://github.com/vercel/next.js"
"eslint-import-resolver-node@0.3.9","MIT","https://github.com/import-js/eslint-plugin-import"
"eslint-import-resolver-typescript@3.8.3","ISC","https://github.com/import-js/eslint-import-resolver-typescript"
"eslint-module-utils@2.12.0","MIT","https://github.com/import-js/eslint-plugin-import"
"eslint-plugin-import@2.31.0","MIT","https://github.com/import-js/eslint-plugin-import"
"eslint-plugin-jsx-a11y@6.10.2","MIT","https://github.com/jsx-eslint/eslint-plugin-jsx-a11y"
"eslint-plugin-react-hooks@5.2.0","MIT","https://github.com/facebook/react"
"eslint-plugin-react@7.37.4","MIT","https://github.com/jsx-eslint/eslint-plugin-react"
"eslint-scope@8.2.0","BSD-2-Clause","https://github.com/eslint/js"
"eslint-visitor-keys@3.4.3","Apache-2.0","https://github.com/eslint/eslint-visitor-keys"
"eslint-visitor-keys@4.2.0","Apache-2.0","https://github.com/eslint/js"
"eslint@9.21.0","MIT","https://github.com/eslint/eslint"
"espree@10.3.0","BSD-2-Clause","https://github.com/eslint/js"
"esquery@1.6.0","BSD-3-Clause","https://github.com/estools/esquery"
"esrecurse@4.3.0","BSD-2-Clause","https://github.com/estools/esrecurse"
"estraverse@5.3.0","BSD-2-Clause","https://github.com/estools/estraverse"
"estree-util-is-identifier-name@3.0.0","MIT","https://github.com/syntax-tree/estree-util-is-identifier-name"
"estree-util-visit@2.0.0","MIT","https://github.com/syntax-tree/estree-util-visit"
"esutils@2.0.3","BSD-2-Clause","https://github.com/estools/esutils"
"events@3.3.0","MIT","https://github.com/Gozala/events"
"expand-template@2.0.3","(MIT OR WTFPL)","https://github.com/ralphtheninja/expand-template"
"fast-base64-decode@1.0.0","MIT","https://github.com/LinusU/fast-base64-decode"
"fast-copy@3.0.2","MIT","https://github.com/planttheidea/fast-copy"
"fast-deep-equal@3.1.3","MIT","https://github.com/epoberezkin/fast-deep-equal"
"fast-fifo@1.3.2","MIT","https://github.com/mafintosh/fast-fifo"
"fast-glob@3.3.1","MIT","https://github.com/mrmlnc/fast-glob"
"fast-glob@3.3.3","MIT","https://github.com/mrmlnc/fast-glob"
"fast-json-stable-stringify@2.1.0","MIT","https://github.com/epoberezkin/fast-json-stable-stringify"
"fast-levenshtein@2.0.6","MIT","https://github.com/hiddentao/fast-levenshtein"
"fast-redact@3.5.0","MIT","https://github.com/davidmarkclements/fast-redact"
"fast-safe-stringify@2.1.1","MIT","https://github.com/davidmarkclements/fast-safe-stringify"
"fast-uri@3.0.6","BSD-3-Clause","https://github.com/fastify/fast-uri"
"fast-xml-parser@4.4.1","MIT","https://github.com/NaturalIntelligence/fast-xml-parser"
"fastq@1.19.1","ISC","https://github.com/mcollina/fastq"
"fdir@6.4.3","MIT","https://github.com/thecodrr/fdir"
"file-entry-cache@8.0.0","MIT","https://github.com/jaredwray/file-entry-cache"
"file-type@19.3.0","MIT","https://github.com/sindresorhus/file-type"
"fill-range@7.1.1","MIT","https://github.com/jonschlinkert/fill-range"
"find-root@1.1.0","MIT","https://github.com/js-n/find-root"
"find-up@5.0.0","MIT","https://github.com/sindresorhus/find-up"
"flat-cache@4.0.1","MIT","https://github.com/jaredwray/flat-cache"
"flatted@3.3.3","ISC","https://github.com/WebReflection/flatted"
"focus-trap@7.5.4","MIT","https://github.com/focus-trap/focus-trap"
"for-each@0.3.5","MIT","https://github.com/Raynos/for-each"
"fs-constants@1.0.0","MIT","https://github.com/mafintosh/fs-constants"
"fsevents@2.3.3","MIT","https://github.com/fsevents/fsevents"
"function-bind@1.1.2","MIT","https://github.com/Raynos/function-bind"
"function.prototype.name@1.1.8","MIT","https://github.com/es-shims/Function.prototype.name"
"functions-have-names@1.2.3","MIT","https://github.com/inspect-js/functions-have-names"
"get-intrinsic@1.3.0","MIT","https://github.com/ljharb/get-intrinsic"
"get-proto@1.0.1","MIT","https://github.com/ljharb/get-proto"
"get-symbol-description@1.1.0","MIT","https://github.com/inspect-js/get-symbol-description"
"get-tsconfig@4.10.0","MIT","https://github.com/privatenumber/get-tsconfig"
"get-tsconfig@4.8.1","MIT","https://github.com/privatenumber/get-tsconfig"
"github-from-package@0.0.0","MIT","https://github.com/substack/github-from-package"
"glob-parent@5.1.2","ISC","https://github.com/gulpjs/glob-parent"
"glob-parent@6.0.2","ISC","https://github.com/gulpjs/glob-parent"
"globals@11.12.0","MIT","https://github.com/sindresorhus/globals"
"globals@14.0.0","MIT","https://github.com/sindresorhus/globals"
"globalthis@1.0.4","MIT","https://github.com/ljharb/System.global"
"gopd@1.2.0","MIT","https://github.com/ljharb/gopd"
"graceful-fs@4.2.11","ISC","https://github.com/isaacs/node-graceful-fs"
"graphemer@1.4.0","MIT","https://github.com/flmnt/graphemer"
"graphql-http@1.22.4","MIT","https://github.com/graphql/graphql-http"
"graphql-playground-html@1.6.30","MIT","https://github.com/graphcool/graphql-playground"
"graphql-scalars@1.22.2","MIT","https://github.com/Urigo/graphql-scalars"
"graphql@16.10.0","MIT","https://github.com/graphql/graphql-js"
"has-bigints@1.1.0","MIT","https://github.com/ljharb/has-bigints"
"has-flag@4.0.0","MIT","https://github.com/sindresorhus/has-flag"
"has-property-descriptors@1.0.2","MIT","https://github.com/inspect-js/has-property-descriptors"
"has-proto@1.2.0","MIT","https://github.com/inspect-js/has-proto"
"has-symbols@1.1.0","MIT","https://github.com/inspect-js/has-symbols"
"has-tostringtag@1.0.2","MIT","https://github.com/inspect-js/has-tostringtag"
"hasown@2.0.2","MIT","https://github.com/inspect-js/hasOwn"
"help-me@5.0.0","MIT","https://github.com/mcollina/help-me"
"hoist-non-react-statics@3.3.2","BSD-3-Clause","https://github.com/mridgway/hoist-non-react-statics"
"http-status@2.1.0","BSD-3-Clause","https://github.com/adaltas/node-http-status"
"ieee754@1.2.1","BSD-3-Clause","https://github.com/feross/ieee754"
"ignore@5.3.2","MIT","https://github.com/kaelzhang/node-ignore"
"image-size@1.2.0","MIT","https://github.com/image-size/image-size"
"immutable@4.3.7","MIT","https://github.com/immutable-js/immutable-js"
"import-fresh@3.3.1","MIT","https://github.com/sindresorhus/import-fresh"
"imurmurhash@0.1.4","MIT","https://github.com/jensyt/imurmurhash-js"
"inherits@2.0.4","ISC","https://github.com/isaacs/inherits"
"ini@1.3.8","ISC","https://github.com/isaacs/ini"
"internal-slot@1.1.0","MIT","https://github.com/ljharb/internal-slot"
"is-alphabetical@2.0.1","MIT","https://github.com/wooorm/is-alphabetical"
"is-alphanumerical@2.0.1","MIT","https://github.com/wooorm/is-alphanumerical"
"is-array-buffer@3.0.5","MIT","https://github.com/inspect-js/is-array-buffer"
"is-arrayish@0.2.1","MIT","https://github.com/qix-/node-is-arrayish"
"is-arrayish@0.3.2","MIT","https://github.com/qix-/node-is-arrayish"
"is-async-function@2.1.1","MIT","https://github.com/inspect-js/is-async-function"
"is-bigint@1.1.0","MIT","https://github.com/inspect-js/is-bigint"
"is-binary-path@2.1.0","MIT","https://github.com/sindresorhus/is-binary-path"
"is-boolean-object@1.2.2","MIT","https://github.com/inspect-js/is-boolean-object"
"is-buffer@1.1.6","MIT","https://github.com/feross/is-buffer"
"is-bun-module@1.3.0","MIT","https://github.com/SunsetTechuila/is-bun-module"
"is-callable@1.2.7","MIT","https://github.com/inspect-js/is-callable"
"is-core-module@2.16.1","MIT","https://github.com/inspect-js/is-core-module"
"is-data-view@1.0.2","MIT","https://github.com/inspect-js/is-data-view"
"is-date-object@1.1.0","MIT","https://github.com/inspect-js/is-date-object"
"is-decimal@2.0.1","MIT","https://github.com/wooorm/is-decimal"
"is-extglob@2.1.1","MIT","https://github.com/jonschlinkert/is-extglob"
"is-finalizationregistry@1.1.1","MIT","https://github.com/inspect-js/is-finalizationregistry"
"is-generator-function@1.1.0","MIT","https://github.com/inspect-js/is-generator-function"
"is-glob@4.0.3","MIT","https://github.com/micromatch/is-glob"
"is-hexadecimal@2.0.1","MIT","https://github.com/wooorm/is-hexadecimal"
"is-map@2.0.3","MIT","https://github.com/inspect-js/is-map"
"is-number-object@1.1.1","MIT","https://github.com/inspect-js/is-number-object"
"is-number@7.0.0","MIT","https://github.com/jonschlinkert/is-number"
"is-regex@1.2.1","MIT","https://github.com/inspect-js/is-regex"
"is-set@2.0.3","MIT","https://github.com/inspect-js/is-set"
"is-shared-array-buffer@1.0.4","MIT","https://github.com/inspect-js/is-shared-array-buffer"
"is-string@1.1.1","MIT","https://github.com/inspect-js/is-string"
"is-symbol@1.1.1","MIT","https://github.com/inspect-js/is-symbol"
"is-typed-array@1.1.15","MIT","https://github.com/inspect-js/is-typed-array"
"is-weakmap@2.0.2","MIT","https://github.com/inspect-js/is-weakmap"
"is-weakref@1.1.1","MIT","https://github.com/inspect-js/is-weakref"
"is-weakset@2.0.4","MIT","https://github.com/inspect-js/is-weakset"
"isarray@1.0.0","MIT","https://github.com/juliangruber/isarray"
"isarray@2.0.5","MIT","https://github.com/juliangruber/isarray"
"isexe@2.0.0","ISC","https://github.com/isaacs/isexe"
"isomorphic-unfetch@3.1.0","MIT","https://github.com/developit/unfetch"
"iterator.prototype@1.1.5","MIT","https://github.com/ljharb/Iterator.prototype"
"jose@5.9.6","MIT","https://github.com/panva/jose"
"joycon@3.1.1","MIT","https://github.com/egoist/joycon"
"js-cookie@2.2.1","MIT","https://github.com/js-cookie/js-cookie"
"js-tokens@4.0.0","MIT","https://github.com/lydell/js-tokens"
"js-yaml@4.1.0","MIT","https://github.com/nodeca/js-yaml"
"jsesc@3.1.0","MIT","https://github.com/mathiasbynens/jsesc"
"json-buffer@3.0.1","MIT","https://github.com/dominictarr/json-buffer"
"json-parse-even-better-errors@2.3.1","MIT","https://github.com/npm/json-parse-even-better-errors"
"json-schema-to-typescript@15.0.3","MIT","https://github.com/bcherny/json-schema-to-typescript"
"json-schema-traverse@0.4.1","MIT","https://github.com/epoberezkin/json-schema-traverse"
"json-schema-traverse@1.0.0","MIT","https://github.com/epoberezkin/json-schema-traverse"
"json-stable-stringify-without-jsonify@1.0.1","MIT","https://github.com/samn/json-stable-stringify"
"json5@1.0.2","MIT","https://github.com/json5/json5"
"jsox@1.2.121","MIT","https://github.com/d3x0r/jsox"
"jsx-ast-utils@3.3.5","MIT","https://github.com/jsx-eslint/jsx-ast-utils"
"keyv@4.5.4","MIT","https://github.com/jaredwray/keyv"
"kleur@3.0.3","MIT","https://github.com/lukeed/kleur"
"language-subtag-registry@0.3.23","CC0-1.0","https://github.com/mattcg/language-subtag-registry"
"language-tags@1.0.9","MIT","https://github.com/mattcg/language-tags"
"levn@0.4.1","MIT","https://github.com/gkz/levn"
"lexical@0.21.0","MIT","https://github.com/facebook/lexical"
"lines-and-columns@1.2.4","MIT","https://github.com/eventualbuddha/lines-and-columns"
"locate-path@6.0.0","MIT","https://github.com/sindresorhus/locate-path"
"lodash.merge@4.6.2","MIT","https://github.com/lodash/lodash"
"lodash@4.17.21","MIT","https://github.com/lodash/lodash"
"longest-streak@3.1.0","MIT","https://github.com/wooorm/longest-streak"
"loose-envify@1.4.0","MIT","https://github.com/zertosh/loose-envify"
"math-intrinsics@1.1.0","MIT","https://github.com/es-shims/math-intrinsics"
"md5@2.3.0","BSD-3-Clause","https://github.com/pvorb/node-md5"
"mdast-util-from-markdown@2.0.2","MIT","https://github.com/syntax-tree/mdast-util-from-markdown"
"mdast-util-mdx-jsx@3.1.3","MIT","https://github.com/syntax-tree/mdast-util-mdx-jsx"
"mdast-util-phrasing@4.1.0","MIT","https://github.com/syntax-tree/mdast-util-phrasing"
"mdast-util-to-markdown@2.1.2","MIT","https://github.com/syntax-tree/mdast-util-to-markdown"
"mdast-util-to-string@4.0.0","MIT","https://github.com/syntax-tree/mdast-util-to-string"
"memoize-one@6.0.0","MIT","https://github.com/alexreardon/memoize-one"
"merge2@1.4.1","MIT","https://github.com/teambition/merge2"
"micromark-core-commonmark@2.0.3","MIT","https://github.com/micromark/micromark/tree/main/packages/micromark-core-commonmark"
"micromark-extension-mdx-jsx@3.0.1","MIT","https://github.com/micromark/micromark-extension-mdx-jsx"
"micromark-factory-destination@2.0.1","MIT","https://github.com/micromark/micromark/tree/main/packages/micromark-factory-destination"
"micromark-factory-label@2.0.1","MIT","https://github.com/micromark/micromark/tree/main/packages/micromark-factory-label"
"micromark-factory-mdx-expression@2.0.2","MIT","https://github.com/micromark/micromark-extension-mdx-expression/tree/main/packages/micromark-factory-mdx-expression"
"micromark-factory-space@2.0.1","MIT","https://github.com/micromark/micromark/tree/main/packages/micromark-factory-space"
"micromark-factory-title@2.0.1","MIT","https://github.com/micromark/micromark/tree/main/packages/micromark-factory-title"
"micromark-factory-whitespace@2.0.1","MIT","https://github.com/micromark/micromark/tree/main/packages/micromark-factory-whitespace"
"micromark-util-character@2.1.1","MIT","https://github.com/micromark/micromark/tree/main/packages/micromark-util-character"
"micromark-util-chunked@2.0.1","MIT","https://github.com/micromark/micromark/tree/main/packages/micromark-util-chunked"
"micromark-util-classify-character@2.0.1","MIT","https://github.com/micromark/micromark/tree/main/packages/micromark-util-classify-character"
"micromark-util-combine-extensions@2.0.1","MIT","https://github.com/micromark/micromark/tree/main/packages/micromark-util-combine-extensions"
"micromark-util-decode-numeric-character-reference@2.0.2","MIT","https://github.com/micromark/micromark/tree/main/packages/micromark-util-decode-numeric-character-reference"
"micromark-util-decode-string@2.0.1","MIT","https://github.com/micromark/micromark/tree/main/packages/micromark-util-decode-string"
"micromark-util-encode@2.0.1","MIT","https://github.com/micromark/micromark/tree/main/packages/micromark-util-encode"
"micromark-util-events-to-acorn@2.0.2","MIT","https://github.com/micromark/micromark-extension-mdx-expression/tree/main/packages/micromark-util-events-to-acorn"
"micromark-util-html-tag-name@2.0.1","MIT","https://github.com/micromark/micromark/tree/main/packages/micromark-util-html-tag-name"
"micromark-util-normalize-identifier@2.0.1","MIT","https://github.com/micromark/micromark/tree/main/packages/micromark-util-normalize-identifier"
"micromark-util-resolve-all@2.0.1","MIT","https://github.com/micromark/micromark/tree/main/packages/micromark-util-resolve-all"
"micromark-util-sanitize-uri@2.0.1","MIT","https://github.com/micromark/micromark/tree/main/packages/micromark-util-sanitize-uri"
"micromark-util-subtokenize@2.1.0","MIT","https://github.com/micromark/micromark/tree/main/packages/micromark-util-subtokenize"
"micromark-util-symbol@2.0.1","MIT","https://github.com/micromark/micromark/tree/main/packages/micromark-util-symbol"
"micromark-util-types@2.0.2","MIT","https://github.com/micromark/micromark/tree/main/packages/micromark-util-types"
"micromark@4.0.2","MIT","https://github.com/micromark/micromark/tree/main/packages/micromark"
"micromatch@4.0.8","MIT","https://github.com/micromatch/micromatch"
"mimic-response@3.1.0","MIT","https://github.com/sindresorhus/mimic-response"
"minimatch@3.1.2","ISC","https://github.com/isaacs/minimatch"
"minimatch@9.0.5","ISC","https://github.com/isaacs/minimatch"
"minimist@1.2.8","MIT","https://github.com/minimistjs/minimist"
"mkdirp-classic@0.5.3","MIT","https://github.com/mafintosh/mkdirp-classic"
"ms@2.1.3","MIT","https://github.com/vercel/ms"
"nanoid@3.3.8","MIT","https://github.com/ai/nanoid"
"napi-build-utils@2.0.0","MIT","https://github.com/inspiredware/napi-build-utils"
"natural-compare@1.4.0","MIT","https://github.com/litejs/natural-compare-lite"
"next@15.1.5","MIT","https://github.com/vercel/next.js"
"node-abi@3.74.0","MIT","https://github.com/electron/node-abi"
"node-addon-api@6.1.0","MIT","https://github.com/nodejs/node-addon-api"
"node-fetch@2.7.0","MIT","https://github.com/bitinn/node-fetch"
"nodemailer@6.10.0","MIT-0","https://github.com/nodemailer/nodemailer"
"nodemailer@6.9.16","MIT-0","https://github.com/nodemailer/nodemailer"
"normalize-path@3.0.0","MIT","https://github.com/jonschlinkert/normalize-path"
"object-assign@4.1.1","MIT","https://github.com/sindresorhus/object-assign"
"object-inspect@1.13.4","MIT","https://github.com/inspect-js/object-inspect"
"object-keys@1.1.1","MIT","https://github.com/ljharb/object-keys"
"object-to-formdata@4.5.1","MIT","https://github.com/therealparmesh/object-to-formdata"
"object.assign@4.1.7","MIT","https://github.com/ljharb/object.assign"
"object.entries@1.1.8","MIT","https://github.com/es-shims/Object.entries"
"object.fromentries@2.0.8","MIT","https://github.com/es-shims/Object.fromEntries"
"object.groupby@1.0.3","MIT","https://github.com/es-shims/Object.groupBy"
"object.values@1.2.1","MIT","https://github.com/es-shims/Object.values"
"obuf@1.1.2","MIT","https://github.com/indutny/offset-buffer"
"on-exit-leak-free@2.1.2","MIT","https://github.com/mcollina/on-exit-or-gc"
"once@1.4.0","ISC","https://github.com/isaacs/once"
"optionator@0.9.4","MIT","https://github.com/gkz/optionator"
"own-keys@1.0.1","MIT","https://github.com/ljharb/own-keys"
"p-limit@3.1.0","MIT","https://github.com/sindresorhus/p-limit"
"p-locate@5.0.0","MIT","https://github.com/sindresorhus/p-locate"
"packet-reader@1.0.0","MIT","https://github.com/brianc/node-packet-reader"
"parent-module@1.0.1","MIT","https://github.com/sindresorhus/parent-module"
"parse-entities@4.0.2","MIT","https://github.com/wooorm/parse-entities"
"parse-json@5.2.0","MIT","https://github.com/sindresorhus/parse-json"
"path-exists@4.0.0","MIT","https://github.com/sindresorhus/path-exists"
"path-key@3.1.1","MIT","https://github.com/sindresorhus/path-key"
"path-parse@1.0.7","MIT","https://github.com/jbgutierrez/path-parse"
"path-to-regexp@6.3.0","MIT","https://github.com/pillarjs/path-to-regexp"
"path-type@4.0.0","MIT","https://github.com/sindresorhus/path-type"
"payload@3.25.0","MIT","https://github.com/payloadcms/payload"
"peek-readable@5.4.2","MIT","https://github.com/Borewit/peek-readable"
"pg-cloudflare@1.1.1","MIT","https://github.com/brianc/node-postgres"
"pg-connection-string@2.7.0","MIT","https://github.com/brianc/node-postgres"
"pg-int8@1.0.1","ISC","https://github.com/charmander/pg-int8"
"pg-numeric@1.0.2","ISC","https://github.com/charmander/pg-numeric"
"pg-pool@3.7.1","MIT","https://github.com/brianc/node-postgres"
"pg-protocol@1.7.1","MIT","https://github.com/brianc/node-postgres"
"pg-types@2.2.0","MIT","https://github.com/brianc/node-pg-types"
"pg-types@4.0.2","MIT","https://github.com/brianc/node-pg-types"
"pg@8.11.3","MIT","https://github.com/brianc/node-postgres"
"pgpass@1.0.5","MIT","https://github.com/hoegaarden/pgpass"
"picocolors@1.1.1","ISC","https://github.com/alexeyraspopov/picocolors"
"picomatch@2.3.1","MIT","https://github.com/micromatch/picomatch"
"picomatch@4.0.2","MIT","https://github.com/micromatch/picomatch"
"pino-abstract-transport@2.0.0","MIT","https://github.com/pinojs/pino-abstract-transport"
"pino-pretty@13.0.0","MIT","https://github.com/pinojs/pino-pretty"
"pino-std-serializers@7.0.0","MIT","https://github.com/pinojs/pino-std-serializers"
"pino@9.5.0","MIT","https://github.com/pinojs/pino"
"pluralize@8.0.0","MIT","https://github.com/blakeembrey/pluralize"
"possible-typed-array-names@1.1.0","MIT","https://github.com/ljharb/possible-typed-array-names"
"postcss@8.4.31","MIT","https://github.com/postcss/postcss"
"postgres-array@2.0.0","MIT","https://github.com/bendrucker/postgres-array"
"postgres-array@3.0.2","MIT","https://github.com/bendrucker/postgres-array"
"postgres-bytea@1.0.0","MIT","https://github.com/bendrucker/postgres-bytea"
"postgres-bytea@3.0.0","MIT","https://github.com/bendrucker/postgres-bytea"
"postgres-date@1.0.7","MIT","https://github.com/bendrucker/postgres-date"
"postgres-date@2.1.0","MIT","https://github.com/bendrucker/postgres-date"
"postgres-interval@1.2.0","MIT","https://github.com/bendrucker/postgres-interval"
"postgres-interval@3.0.0","MIT","https://github.com/bendrucker/postgres-interval"
"postgres-range@1.1.4","MIT","https://github.com/martianboy/postgres-range"
"prebuild-install@7.1.3","MIT","https://github.com/prebuild/prebuild-install"
"prelude-ls@1.2.1","MIT","https://github.com/gkz/prelude-ls"
"prettier@3.5.2","MIT","https://github.com/prettier/prettier"
"prismjs@1.29.0","MIT","https://github.com/PrismJS/prism"
"process-warning@4.0.1","MIT","https://github.com/fastify/process-warning"
"prompts@2.4.2","MIT","https://github.com/terkelg/prompts"
"prop-types@15.8.1","MIT","https://github.com/facebook/prop-types"
"pump@3.0.2","MIT","https://github.com/mafintosh/pump"
"punycode@2.3.1","MIT","https://github.com/mathiasbynens/punycode.js"
"qs-esm@7.0.2","BSD-3-Clause","https://github.com/payloadcms/qs-esm"
"queue-microtask@1.2.3","MIT","https://github.com/feross/queue-microtask"
"queue@6.0.2","MIT","https://github.com/jessetane/queue"
"quick-format-unescaped@4.0.4","MIT","https://github.com/davidmarkclements/quick-format"
"rc@1.2.8","(BSD-2-Clause OR MIT OR Apache-2.0)","https://github.com/dominictarr/rc"
"react-datepicker@7.6.0","MIT","https://github.com/Hacker0x01/react-datepicker"
"react-diff-viewer-continued@4.0.4","MIT","https://github.com/aeolun/react-diff-viewer-continued"
"react-dom@19.0.0","MIT","https://github.com/facebook/react"
"react-error-boundary@3.1.4","MIT","https://github.com/bvaughn/react-error-boundary"
"react-error-boundary@4.1.2","MIT","https://github.com/bvaughn/react-error-boundary"
"react-image-crop@10.1.8","ISC","https://github.com/DominicTobias/react-image-crop"
"react-is@16.13.1","MIT","https://github.com/facebook/react"
"react-select@5.9.0","MIT","https://github.com/JedWatson/react-select/tree/master/packages/react-select"
"react-transition-group@4.4.5","BSD-3-Clause","https://github.com/reactjs/react-transition-group"
"react@19.0.0","MIT","https://github.com/facebook/react"
"readable-stream@3.6.2","MIT","https://github.com/nodejs/readable-stream"
"readdirp@3.6.0","MIT","https://github.com/paulmillr/readdirp"
"real-require@0.2.0","MIT","https://github.com/pinojs/real-require"
"reflect.getprototypeof@1.0.10","MIT","https://github.com/es-shims/Reflect.getPrototypeOf"
"regenerator-runtime@0.14.1","MIT","https://github.com/facebook/regenerator/tree/main/packages/runtime"
"regexp.prototype.flags@1.5.4","MIT","https://github.com/es-shims/RegExp.prototype.flags"
"require-from-string@2.0.2","MIT","https://github.com/floatdrop/require-from-string"
"resolve-from@4.0.0","MIT","https://github.com/sindresorhus/resolve-from"
"resolve-pkg-maps@1.0.0","MIT","https://github.com/privatenumber/resolve-pkg-maps"
"resolve@1.22.10","MIT","https://github.com/browserify/resolve"
"resolve@2.0.0-next.5","MIT","https://github.com/browserify/resolve"
"reusify@1.1.0","MIT","https://github.com/mcollina/reusify"
"run-parallel@1.2.0","MIT","https://github.com/feross/run-parallel"
"safe-array-concat@1.1.3","MIT","https://github.com/ljharb/safe-array-concat"
"safe-buffer@5.2.1","MIT","https://github.com/feross/safe-buffer"
"safe-push-apply@1.0.0","MIT","https://github.com/ljharb/safe-push-apply"
"safe-regex-test@1.1.0","MIT","https://github.com/ljharb/safe-regex-test"
"safe-stable-stringify@2.5.0","MIT","https://github.com/BridgeAR/safe-stable-stringify"
"sanitize-filename@1.6.3","WTFPL OR ISC","https://github.com/parshap/node-sanitize-filename"
"sass@1.77.4","MIT","https://github.com/sass/dart-sass"
"scheduler@0.25.0","MIT","https://github.com/facebook/react"
"scmp@2.1.0","BSD-3-Clause","https://github.com/freewil/scmp"
"secure-json-parse@2.7.0","BSD-3-Clause","https://github.com/fastify/secure-json-parse"
"semver@6.3.1","ISC","https://github.com/npm/node-semver"
"semver@7.7.1","ISC","https://github.com/npm/node-semver"
"set-function-length@1.2.2","MIT","https://github.com/ljharb/set-function-length"
"set-function-name@2.0.2","MIT","https://github.com/ljharb/set-function-name"
"set-proto@1.0.0","MIT","https://github.com/ljharb/set-proto"
"sharp@0.32.6","Apache-2.0","https://github.com/lovell/sharp"
"sharp@0.33.5","Apache-2.0","https://github.com/lovell/sharp"
"shebang-command@2.0.0","MIT","https://github.com/kevva/shebang-command"
"shebang-regex@3.0.0","MIT","https://github.com/sindresorhus/shebang-regex"
"side-channel-list@1.0.0","MIT","https://github.com/ljharb/side-channel-list"
"side-channel-map@1.0.1","MIT","https://github.com/ljharb/side-channel-map"
"side-channel-weakmap@1.0.2","MIT","https://github.com/ljharb/side-channel-weakmap"
"side-channel@1.1.0","MIT","https://github.com/ljharb/side-channel"
"simple-concat@1.0.1","MIT","https://github.com/feross/simple-concat"
"simple-get@4.0.1","MIT","https://github.com/feross/simple-get"
"simple-swizzle@0.2.2","MIT","https://github.com/qix-/node-simple-swizzle"
"simple-wcswidth@1.0.1","MIT","https://github.com/ayonious/simple-wcswidth"
"sisteransi@1.0.5","MIT","https://github.com/terkelg/sisteransi"
"sonic-boom@4.2.0","MIT","https://github.com/pinojs/sonic-boom"
"sonner@1.7.4","MIT","https://github.com/emilkowalski/sonner"
"source-map-js@1.2.1","BSD-3-Clause","https://github.com/7rulnik/source-map-js"
"source-map-support@0.5.21","MIT","https://github.com/evanw/node-source-map-support"
"source-map@0.5.7","BSD-3-Clause","https://github.com/mozilla/source-map"
"source-map@0.6.1","BSD-3-Clause","https://github.com/mozilla/source-map"
"split2@4.2.0","ISC","https://github.com/mcollina/split2"
"stable-hash@0.0.4","MIT","https://github.com/shuding/stable-hash"
"state-local@1.0.7","MIT","https://github.com/suren-atoyan/state-local"
"stream-browserify@3.0.0","MIT","https://github.com/browserify/stream-browserify"
"streamsearch@1.1.0","MIT","https://github.com/mscdex/streamsearch"
"streamx@2.22.0","MIT","https://github.com/mafintosh/streamx"
"string.prototype.includes@2.0.1","MIT","https://github.com/mathiasbynens/String.prototype.includes"
"string.prototype.matchall@4.0.12","MIT","https://github.com/es-shims/String.prototype.matchAll"
"string.prototype.repeat@1.0.0","MIT","https://github.com/mathiasbynens/String.prototype.repeat"
"string.prototype.trim@1.2.10","MIT","https://github.com/es-shims/String.prototype.trim"
"string.prototype.trimend@1.0.9","MIT","https://github.com/es-shims/String.prototype.trimEnd"
"string.prototype.trimstart@1.0.8","MIT","https://github.com/es-shims/String.prototype.trimStart"
"string_decoder@1.3.0","MIT","https://github.com/nodejs/string_decoder"
"stringify-entities@4.0.4","MIT","https://github.com/wooorm/stringify-entities"
"strip-bom@3.0.0","MIT","https://github.com/sindresorhus/strip-bom"
"strip-json-comments@2.0.1","MIT","https://github.com/sindresorhus/strip-json-comments"
"strip-json-comments@3.1.1","MIT","https://github.com/sindresorhus/strip-json-comments"
"strnum@1.1.2","MIT","https://github.com/NaturalIntelligence/strnum"
"strtok3@8.1.0","MIT","https://github.com/Borewit/strtok3"
"styled-jsx@5.1.6","MIT","https://github.com/vercel/styled-jsx"
"stylis@4.2.0","MIT","https://github.com/thysultan/stylis.js"
"supports-color@7.2.0","MIT","https://github.com/chalk/supports-color"
"supports-preserve-symlinks-flag@1.0.0","MIT","https://github.com/inspect-js/node-supports-preserve-symlinks-flag"
"tabbable@6.2.0","MIT","https://github.com/focus-trap/tabbable"
"tapable@2.2.1","MIT","https://github.com/webpack/tapable"
"tar-fs@2.1.2","MIT","https://github.com/mafintosh/tar-fs"
"tar-fs@3.0.8","MIT","https://github.com/mafintosh/tar-fs"
"tar-stream@2.2.0","MIT","https://github.com/mafintosh/tar-stream"
"tar-stream@3.1.7","MIT","https://github.com/mafintosh/tar-stream"
"text-decoder@1.2.3","Apache-2.0","https://github.com/holepunchto/text-decoder"
"thread-stream@3.1.0","MIT","https://github.com/mcollina/thread-stream"
"tinyglobby@0.2.12","MIT","https://github.com/SuperchupuDev/tinyglobby"
"to-no-case@1.0.2","MIT","https://github.com/ianstormtaylor/to-no-case"
"to-regex-range@5.0.1","MIT","https://github.com/micromatch/to-regex-range"
"to-snake-case@1.0.0","MIT","https://github.com/ianstormtaylor/to-snake-case"
"to-space-case@1.0.0","MIT","https://github.com/ianstormtaylor/to-space-case"
"token-types@6.0.0","MIT","https://github.com/Borewit/token-types"
"tr46@0.0.3","MIT","https://github.com/Sebmaster/tr46.js"
"truncate-utf8-bytes@1.0.2","WTFPL","https://github.com/parshap/truncate-utf8-bytes"
"ts-api-utils@2.0.1","MIT","https://github.com/JoshuaKGoldberg/ts-api-utils"
"ts-essentials@10.0.3","MIT","https://github.com/ts-essentials/ts-essentials"
"tsconfig-paths@3.15.0","MIT","https://github.com/dividab/tsconfig-paths"
"tslib@1.14.1","0BSD","https://github.com/Microsoft/tslib"
"tslib@2.8.1","0BSD","https://github.com/Microsoft/tslib"
"tsx@4.19.2","MIT","https://github.com/privatenumber/tsx"
"tunnel-agent@0.6.0","Apache-2.0","https://github.com/mikeal/tunnel-agent"
"type-check@0.4.0","MIT","https://github.com/gkz/type-check"
"typed-array-buffer@1.0.3","MIT","https://github.com/inspect-js/typed-array-buffer"
"typed-array-byte-length@1.0.3","MIT","https://github.com/inspect-js/typed-array-byte-length"
"typed-array-byte-offset@1.0.4","MIT","https://github.com/inspect-js/typed-array-byte-offset"
"typed-array-length@1.0.7","MIT","https://github.com/inspect-js/typed-array-length"
"typescript@5.7.3","Apache-2.0","https://github.com/microsoft/TypeScript"
"uint8array-extras@1.4.0","MIT","https://github.com/sindresorhus/uint8array-extras"
"unbox-primitive@1.1.0","MIT","https://github.com/ljharb/unbox-primitive"
"undici-types@6.20.0","MIT","https://github.com/nodejs/undici"
"unfetch@4.2.0","MIT","https://github.com/developit/unfetch"
"unist-util-is@6.0.0","MIT","https://github.com/syntax-tree/unist-util-is"
"unist-util-position-from-estree@2.0.0","MIT","https://github.com/syntax-tree/unist-util-position-from-estree"
"unist-util-stringify-position@4.0.0","MIT","https://github.com/syntax-tree/unist-util-stringify-position"
"unist-util-visit-parents@6.0.1","MIT","https://github.com/syntax-tree/unist-util-visit-parents"
"unist-util-visit@5.0.0","MIT","https://github.com/syntax-tree/unist-util-visit"
"uri-js@4.4.1","BSD-2-Clause","https://github.com/garycourt/uri-js"
"use-context-selector@2.0.0","MIT","https://github.com/dai-shi/use-context-selector"
"use-isomorphic-layout-effect@1.2.0","MIT","https://github.com/Andarist/use-isomorphic-layout-effect"
"utf8-byte-length@1.0.5","(WTFPL OR MIT)","https://github.com/parshap/utf8-byte-length"
"util-deprecate@1.0.2","MIT","https://github.com/TooTallNate/util-deprecate"
"uuid@10.0.0","MIT","https://github.com/uuidjs/uuid"
"uuid@9.0.0","MIT","https://github.com/uuidjs/uuid"
"uuid@9.0.1","MIT","https://github.com/uuidjs/uuid"
"vfile-message@4.0.2","MIT","https://github.com/vfile/vfile-message"
"webidl-conversions@3.0.1","BSD-2-Clause","https://github.com/jsdom/webidl-conversions"
"whatwg-url@5.0.0","MIT","https://github.com/jsdom/whatwg-url"
"which-boxed-primitive@1.1.1","MIT","https://github.com/inspect-js/which-boxed-primitive"
"which-builtin-type@1.2.1","MIT","https://github.com/inspect-js/which-builtin-type"
"which-collection@1.0.2","MIT","https://github.com/inspect-js/which-collection"
"which-typed-array@1.1.18","MIT","https://github.com/inspect-js/which-typed-array"
"which@2.0.2","ISC","https://github.com/isaacs/node-which"
"word-wrap@1.2.5","MIT","https://github.com/jonschlinkert/word-wrap"
"wrappy@1.0.2","ISC","https://github.com/npm/wrappy"
"ws@8.18.1","MIT","https://github.com/websockets/ws"
"xss@1.0.15","MIT","https://github.com/leizongmin/js-xss"
"xtend@4.0.2","MIT","https://github.com/Raynos/xtend"
"yaml@1.10.2","ISC","https://github.com/eemeli/yaml"
"yocto-queue@0.1.0","MIT","https://github.com/sindresorhus/yocto-queue"
"zwitch@2.0.4","MIT","https://github.com/wooorm/zwitch"
